business_unit_id,business_unit_name,location_name,department_name,respondents,dominant_ahca_wa,wa_label,domain_code,wa_purity,distinct_wa_codes
"","","","",4,1,"Many Different Hospital Units, No Specific Unit",,25%,1:1 8:1 18:1 16:1
26012,FLPEN Sacred Heart Hosp Pens,ASH Corner of Twelfth & Summit,Diagnostic Rad Amb 004,2,21,Radiology/ Imaging,RADI,100%,21:2
26012,FLPEN Sacred Heart Hosp Pens,ASH PBP Lynn Haven,PBP Oncology 004,1,10,"Oncology, Hematology",,100%,10:1
26012,FLPEN Sacred Heart Hosp Pens,ASH Rehab Gulf Breeze,Rehab Administration 001,1,34,Other,,100%,34:1
26012,FLPEN Sacred Heart Hosp Pens,ASH Rehab Pensacola,Rehab Administration 001,1,34,Other,,100%,34:1
26012,FLPEN Sacred Heart Hosp Pens,Airport Medical Park,Diagnostic Radiology Airport,2,21,Radiology/ Imaging,RADI,100%,21:2
26012,FLPEN Sacred Heart Hosp Pens,Bldg Properties Admin,Sterile Processing 001,1,34,Other,,100%,34:1
26012,FLPEN Sacred Heart Hosp Pens,Carmel Heights Building,Auxiliary,1,24,Admin/Mgmt,ADMN,100%,24:1
26012,FLPEN Sacred Heart Hosp Pens,Carmel Heights Building,Patient Education,1,1,"Many Different Hospital Units, No Specific Unit",,100%,1:1
26012,FLPEN Sacred Heart Hosp Pens,FL - Jacksonville - Offsite,HIM Coding Documentation,1,34,Other,,100%,34:1
26012,FLPEN Sacred Heart Hosp Pens,FL - Pensacola - Offsite,HIM Coding Documentation,1,27,"Information Technology, Health Information Management, Clinical Informatics",,100%,27:1
26012,FLPEN Sacred Heart Hosp Pens,Freestanding ER?? Dept 001,Freestanding ER Dept 001,37,6,ED/Short Stay,EDPT,81%,6:30 21:5 22:1 1:1
26012,FLPEN Sacred Heart Hosp Pens,Freestanding ER?? Dept 002,Freestanding ER Dept 002,17,6,ED/Short Stay,EDPT,65%,6:11 21:4 22:2
26012,FLPEN Sacred Heart Hosp Pens,Professional Office Building,Grants Early Steps,2,1,"Many Different Hospital Units, No Specific Unit",,50%,1:1 34:1
26012,FLPEN Sacred Heart Hosp Pens,SH Medical Oncology Grp Airpor,Medical Oncology Airport,2,25,"Financial Services, Billing",ADMN,50%,25:1 34:1
26012,FLPEN Sacred Heart Hosp Pens,SH Medical Oncology Grp Destin,Medical Oncology Destin,1,34,Other,,100%,34:1
26012,FLPEN Sacred Heart Hosp Pens,SHMG Ortho Rehab,Rehab Services Ambulatory 001,1,14,Rehab/Phys Med,REHB,100%,14:1
26012,FLPEN Sacred Heart Hosp Pens,Sacred Heart Children's Hsptl,Admin Pediatric Svcs 001,5,1,"Many Different Hospital Units, No Specific Unit",,40%,1:2 24:2 34:1
26012,FLPEN Sacred Heart Hosp Pens,Sacred Heart Children's Hsptl,Ambulance Ground Peds,1,34,Other,,100%,34:1
26012,FLPEN Sacred Heart Hosp Pens,Sacred Heart Children's Hsptl,Emergency Department Peds,14,6,ED/Short Stay,EDPT,93%,6:13 11:1
26012,FLPEN Sacred Heart Hosp Pens,Sacred Heart Children's Hsptl,Infusion Services 001,1,34,Other,,100%,34:1
26012,FLPEN Sacred Heart Hosp Pens,Sacred Heart Children's Hsptl,Mother Baby Unit 001,1,9,Labor & Deliv/Ob,,100%,9:1
26012,FLPEN Sacred Heart Hosp Pens,Sacred Heart Children's Hsptl,Neonatal ICU,51,11,"Peds, NICU, PICU",PEDS,98%,11:50 8:1
26012,FLPEN Sacred Heart Hosp Pens,Sacred Heart Children's Hsptl,Neonatal ICU Unit 002,36,11,"Peds, NICU, PICU",PEDS,100%,11:36
26012,FLPEN Sacred Heart Hosp Pens,Sacred Heart Children's Hsptl,Pediatric ICU Unit 001,12,11,"Peds, NICU, PICU",PEDS,100%,11:12
26012,FLPEN Sacred Heart Hosp Pens,Sacred Heart Children's Hsptl,Pediatric Rehab Services,4,11,"Peds, NICU, PICU",PEDS,75%,11:3 1:1
26012,FLPEN Sacred Heart Hosp Pens,Sacred Heart Children's Hsptl,Pediatric Rehab Svcs 002,1,11,"Peds, NICU, PICU",PEDS,100%,11:1
26012,FLPEN Sacred Heart Hosp Pens,Sacred Heart Children's Hsptl,Pediatric Support Svcs 001,1,10,"Oncology, Hematology",,100%,10:1
26012,FLPEN Sacred Heart Hosp Pens,Sacred Heart Children's Hsptl,Peds Acute Care,35,11,"Peds, NICU, PICU",PEDS,83%,11:29 4:2 34:1 2:1 1:1 10:1
26012,FLPEN Sacred Heart Hosp Pens,Sacred Heart Children's Hsptl,Peds Surgery 001,7,18,"Pre Op, Operating Room/Suite, PACU/Post Op, Peri Op",,86%,18:6 4:1
26012,FLPEN Sacred Heart Hosp Pens,Sacred Heart Children's Hsptl,Respiratory Care Pediatrics,18,11,"Peds, NICU, PICU",PEDS,61%,11:11 22:3 1:2 19:1 34:1
26012,FLPEN Sacred Heart Hosp Pens,Sacred Heart Children's Hsptl,Surgery Recovery Room 001,8,18,"Pre Op, Operating Room/Suite, PACU/Post Op, Peri Op",,88%,18:7 16:1
26012,FLPEN Sacred Heart Hosp Pens,Sacred Heart Residency,Resident Mgmt Suprt Srvcs 001,2,26,"Human Resources, Training",,50%,26:1 24:1
26012,FLPEN Sacred Heart Hosp Pens,Sacred Hrt Hosp Pensacola,Administration,7,24,Admin/Mgmt,ADMN,57%,24:4 28:1 26:1 1:1
26012,FLPEN Sacred Heart Hosp Pens,Sacred Hrt Hosp Pensacola,Adult ECMO 001,2,8,ICU(All Adult Types),ICU,100%,8:2
26012,FLPEN Sacred Heart Hosp Pens,Sacred Hrt Hosp Pensacola,Anesthesiology,1,34,Other,,100%,34:1
26012,FLPEN Sacred Heart Hosp Pens,Sacred Hrt Hosp Pensacola,Auxiliary,3,34,Other,,100%,34:3
26012,FLPEN Sacred Heart Hosp Pens,Sacred Hrt Hosp Pensacola,Bariatric Surgical Unit 001,11,2,"Med/Surg, Other Pt. Care Units",MSRG,73%,2:8 4:2 3:1
26012,FLPEN Sacred Heart Hosp Pens,Sacred Hrt Hosp Pensacola,Cardiac Care,47,5,Unknown,CARD,53%,5:25 15:7 2:6 3:6 34:2 4:1
26012,FLPEN Sacred Heart Hosp Pens,Sacred Hrt Hosp Pensacola,Cardiac Cath Lab,10,34,Other,,60%,34:6 18:4
26012,FLPEN Sacred Heart Hosp Pens,Sacred Hrt Hosp Pensacola,Cardiology Services Admin,4,18,"Pre Op, Operating Room/Suite, PACU/Post Op, Peri Op",,50%,18:2 5:1 34:1
26012,FLPEN Sacred Heart Hosp Pens,Sacred Hrt Hosp Pensacola,Case Mgmt,17,23,"Social Services, Case Management, Discharge Planning",,35%,23:6 1:3 4:2 8:1 27:1 9:1 3:1 2:1 11:1
26012,FLPEN Sacred Heart Hosp Pens,Sacred Hrt Hosp Pensacola,Computerized Tomography CT,8,21,Radiology/ Imaging,RADI,75%,21:6 1:2
26012,FLPEN Sacred Heart Hosp Pens,Sacred Hrt Hosp Pensacola,Diagnostic Radiology,6,21,Radiology/ Imaging,RADI,67%,21:4 18:1 1:1
26012,FLPEN Sacred Heart Hosp Pens,Sacred Hrt Hosp Pensacola,EEG,2,1,"Many Different Hospital Units, No Specific Unit",,100%,1:2
26012,FLPEN Sacred Heart Hosp Pens,Sacred Hrt Hosp Pensacola,Electrocardiography EKG,21,21,Radiology/ Imaging,RADI,33%,21:7 34:6 1:4 5:4
26012,FLPEN Sacred Heart Hosp Pens,Sacred Hrt Hosp Pensacola,Emergency Department,71,6,ED/Short Stay,EDPT,94%,6:67 34:2 28:1 1:1
26012,FLPEN Sacred Heart Hosp Pens,Sacred Hrt Hosp Pensacola,Endoscopy GI Lab Gastro,7,17,"Endoscopy, Colonoscopy",,86%,17:6 18:1
26012,FLPEN Sacred Heart Hosp Pens,Sacred Hrt Hosp Pensacola,Float Staffing 001,41,1,"Many Different Hospital Units, No Specific Unit",,78%,1:32 2:3 34:3 24:1 4:1 10:1
26012,FLPEN Sacred Heart Hosp Pens,Sacred Hrt Hosp Pensacola,Float Staffing 002,5,11,"Peds, NICU, PICU",PEDS,80%,11:4 9:1
26012,FLPEN Sacred Heart Hosp Pens,Sacred Hrt Hosp Pensacola,Freestanding ER Dept 001,1,6,ED/Short Stay,EDPT,100%,6:1
26012,FLPEN Sacred Heart Hosp Pens,Sacred Hrt Hosp Pensacola,HIM Coding Documentation,4,34,Other,,75%,34:3 28:1
26012,FLPEN Sacred Heart Hosp Pens,Sacred Hrt Hosp Pensacola,Imaging Administration,5,21,Radiology/ Imaging,RADI,80%,21:4 34:1
26012,FLPEN Sacred Heart Hosp Pens,Sacred Hrt Hosp Pensacola,Infection Control,5,28,"Quality, Risk Management, PAtient Safety",,60%,28:3 34:2
26012,FLPEN Sacred Heart Hosp Pens,Sacred Hrt Hosp Pensacola,Infusion Ambulatory 001,5,34,Other,,100%,34:5
26012,FLPEN Sacred Heart Hosp Pens,Sacred Hrt Hosp Pensacola,Intensive Care Unit,26,8,ICU(All Adult Types),ICU,96%,8:25 2:1
26012,FLPEN Sacred Heart Hosp Pens,Sacred Hrt Hosp Pensacola,Interventional Radiology,9,34,Other,,44%,34:4 21:3 18:2
26012,FLPEN Sacred Heart Hosp Pens,Sacred Hrt Hosp Pensacola,Labor and Delivery,26,9,Labor & Deliv/Ob,,96%,9:25 2:1
26012,FLPEN Sacred Heart Hosp Pens,Sacred Hrt Hosp Pensacola,Magnetic Resonance Imaging MRI,7,21,Radiology/ Imaging,RADI,100%,21:7
26012,FLPEN Sacred Heart Hosp Pens,Sacred Hrt Hosp Pensacola,Materials Management,7,34,Other,,57%,34:4 1:2 4:1
26012,FLPEN Sacred Heart Hosp Pens,Sacred Hrt Hosp Pensacola,Monitor Room 001,10,15,Telemetry,TELE,90%,15:9 34:1
26012,FLPEN Sacred Heart Hosp Pens,Sacred Hrt Hosp Pensacola,Mother Baby Unit 001,23,9,Labor & Deliv/Ob,,83%,9:19 34:4
26012,FLPEN Sacred Heart Hosp Pens,Sacred Hrt Hosp Pensacola,Neonatal ICU,1,11,"Peds, NICU, PICU",PEDS,100%,11:1
26012,FLPEN Sacred Heart Hosp Pens,Sacred Hrt Hosp Pensacola,Neonatal ICU Unit 002,3,11,"Peds, NICU, PICU",PEDS,100%,11:3
26012,FLPEN Sacred Heart Hosp Pens,Sacred Hrt Hosp Pensacola,Neuro Science Unit,32,2,"Med/Surg, Other Pt. Care Units",MSRG,63%,2:20 34:6 3:3 4:3
26012,FLPEN Sacred Heart Hosp Pens,Sacred Hrt Hosp Pensacola,Neuro Support Svcs 001,2,1,"Many Different Hospital Units, No Specific Unit",,100%,1:2
26012,FLPEN Sacred Heart Hosp Pens,Sacred Hrt Hosp Pensacola,Neuro Trauma ICU 001,38,8,ICU(All Adult Types),ICU,97%,8:37 1:1
26012,FLPEN Sacred Heart Hosp Pens,Sacred Hrt Hosp Pensacola,Nuclear Medicine 001,1,21,Radiology/ Imaging,RADI,100%,21:1
26012,FLPEN Sacred Heart Hosp Pens,Sacred Hrt Hosp Pensacola,Nurse Staffing 001,7,1,"Many Different Hospital Units, No Specific Unit",,71%,1:5 34:2
26012,FLPEN Sacred Heart Hosp Pens,Sacred Hrt Hosp Pensacola,Nursing Administration,6,24,Admin/Mgmt,ADMN,67%,24:4 2:1 1:1
26012,FLPEN Sacred Heart Hosp Pens,Sacred Hrt Hosp Pensacola,Nursing Unit 001,32,2,"Med/Surg, Other Pt. Care Units",MSRG,66%,2:21 4:8 3:3
26012,FLPEN Sacred Heart Hosp Pens,Sacred Hrt Hosp Pensacola,Nursing Unit 002,21,2,"Med/Surg, Other Pt. Care Units",MSRG,38%,2:8 3:8 4:3 34:1 13:1
26012,FLPEN Sacred Heart Hosp Pens,Sacred Hrt Hosp Pensacola,OB High Risk Unit 001,24,9,Labor & Deliv/Ob,,88%,9:21 2:1 18:1 34:1
26012,FLPEN Sacred Heart Hosp Pens,Sacred Hrt Hosp Pensacola,Observation,11,6,ED/Short Stay,EDPT,73%,6:8 18:3
26012,FLPEN Sacred Heart Hosp Pens,Sacred Hrt Hosp Pensacola,Observation Unit 002,40,6,ED/Short Stay,EDPT,70%,6:28 2:6 3:3 1:2 4:1
26012,FLPEN Sacred Heart Hosp Pens,Sacred Hrt Hosp Pensacola,Observation Unit 003,8,6,ED/Short Stay,EDPT,50%,6:4 11:4
26012,FLPEN Sacred Heart Hosp Pens,Sacred Hrt Hosp Pensacola,Oncology Unit 001,38,10,"Oncology, Hematology",,87%,10:33 2:5
26012,FLPEN Sacred Heart Hosp Pens,Sacred Hrt Hosp Pensacola,Orthopedics Unit 001,19,4,Surg Svcs,SVCS,37%,4:7 2:7 34:4 11:1
26012,FLPEN Sacred Heart Hosp Pens,Sacred Hrt Hosp Pensacola,Ostomy 001,4,1,"Many Different Hospital Units, No Specific Unit",,100%,1:4
26012,FLPEN Sacred Heart Hosp Pens,Sacred Hrt Hosp Pensacola,Pastoral Care Spiritual Care,2,34,Other,,50%,34:1 1:1
26012,FLPEN Sacred Heart Hosp Pens,Sacred Hrt Hosp Pensacola,Pat Ed Womens and Childrens,4,1,"Many Different Hospital Units, No Specific Unit",,50%,1:2 9:1 34:1
26012,FLPEN Sacred Heart Hosp Pens,Sacred Hrt Hosp Pensacola,Pediatric Support Svcs 001,1,4,Surg Svcs,SVCS,100%,4:1
26012,FLPEN Sacred Heart Hosp Pens,Sacred Hrt Hosp Pensacola,Physical Therapy,28,1,"Many Different Hospital Units, No Specific Unit",,89%,1:25 14:2 6:1
26012,FLPEN Sacred Heart Hosp Pens,Sacred Hrt Hosp Pensacola,Pre Surgery,10,18,"Pre Op, Operating Room/Suite, PACU/Post Op, Peri Op",,60%,18:6 34:2 16:2
26012,FLPEN Sacred Heart Hosp Pens,Sacred Hrt Hosp Pensacola,Recovery Room,20,18,"Pre Op, Operating Room/Suite, PACU/Post Op, Peri Op",,95%,18:19 4:1
26012,FLPEN Sacred Heart Hosp Pens,Sacred Hrt Hosp Pensacola,Rehab Administration 001,2,24,Admin/Mgmt,ADMN,50%,24:1 14:1
26012,FLPEN Sacred Heart Hosp Pens,Sacred Hrt Hosp Pensacola,Respiratory Care 001,24,1,"Many Different Hospital Units, No Specific Unit",,58%,1:14 22:7 6:2 8:1
26012,FLPEN Sacred Heart Hosp Pens,Sacred Hrt Hosp Pensacola,Stepdown Intermediate Care,26,34,Other,,77%,34:20 5:2 8:2 2:1 3:1
26012,FLPEN Sacred Heart Hosp Pens,Sacred Hrt Hosp Pensacola,Stepdown Intermediate Care 002,38,5,Unknown,CARD,47%,5:18 34:8 8:4 15:4 2:3 6:1
26012,FLPEN Sacred Heart Hosp Pens,Sacred Hrt Hosp Pensacola,Sterile Processing 001,16,34,Other,,63%,34:10 3:3 4:2 2:1
26012,FLPEN Sacred Heart Hosp Pens,Sacred Hrt Hosp Pensacola,Surgery,49,18,"Pre Op, Operating Room/Suite, PACU/Post Op, Peri Op",,78%,18:38 4:4 2:4 34:3
26012,FLPEN Sacred Heart Hosp Pens,Sacred Hrt Hosp Pensacola,Surgery Ambulatory 001,5,18,"Pre Op, Operating Room/Suite, PACU/Post Op, Peri Op",,100%,18:5
26012,FLPEN Sacred Heart Hosp Pens,Sacred Hrt Hosp Pensacola,Surgical Services Admin 001,2,34,Other,,50%,34:1 24:1
26012,FLPEN Sacred Heart Hosp Pens,Sacred Hrt Hosp Pensacola,Total Quality Management,7,28,"Quality, Risk Management, PAtient Safety",,100%,28:7
26012,FLPEN Sacred Heart Hosp Pens,Sacred Hrt Hosp Pensacola,Trauma Services Surgery,3,34,Other,,100%,34:3
26012,FLPEN Sacred Heart Hosp Pens,Sacred Hrt Hosp Pensacola,Ultrasound,7,21,Radiology/ Imaging,RADI,71%,21:5 1:2
26012,FLPEN Sacred Heart Hosp Pens,Sacred Hrt Hosp Pensacola,Ultrasound 003,10,21,Radiology/ Imaging,RADI,90%,21:9 9:1
26012,FLPEN Sacred Heart Hosp Pens,Sacred Hrt Hosp Pensacola,Utilization Mgmt 001,2,34,Other,,50%,34:1 25:1
26012,FLPEN Sacred Heart Hosp Pens,Sacred Hrt Hosp Pensacola,Vascular Access,1,1,"Many Different Hospital Units, No Specific Unit",,100%,1:1
26012,FLPEN Sacred Heart Hosp Pens,UF OB Residency,Residency OBGYN,1,34,Other,,100%,34:1
26013,FLPEN Sacred Heart Hosp GC,SHH Gulf,Administration,5,1,"Many Different Hospital Units, No Specific Unit",,60%,1:3 25:1 24:1
26013,FLPEN Sacred Heart Hosp GC,SHH Gulf,Auxiliary,1,1,"Many Different Hospital Units, No Specific Unit",,100%,1:1
26013,FLPEN Sacred Heart Hosp GC,SHH Gulf,Computerized Tomography CT,1,21,Radiology/ Imaging,RADI,100%,21:1
26013,FLPEN Sacred Heart Hosp GC,SHH Gulf,Diagnostic Radiology,2,21,Radiology/ Imaging,RADI,100%,21:2
26013,FLPEN Sacred Heart Hosp GC,SHH Gulf,Electrocardiography EKG,1,21,Radiology/ Imaging,RADI,100%,21:1
26013,FLPEN Sacred Heart Hosp GC,SHH Gulf,Emergency Department,11,6,ED/Short Stay,EDPT,100%,6:11
26013,FLPEN Sacred Heart Hosp GC,SHH Gulf,Materials Management,1,34,Other,,100%,34:1
26013,FLPEN Sacred Heart Hosp GC,SHH Gulf,Med Surg Unit,8,2,"Med/Surg, Other Pt. Care Units",MSRG,75%,2:6 4:1 3:1
26013,FLPEN Sacred Heart Hosp GC,SHH Gulf,Nuclear Medicine 001,1,21,Radiology/ Imaging,RADI,100%,21:1
26013,FLPEN Sacred Heart Hosp GC,SHH Gulf,Recovery Room,2,18,"Pre Op, Operating Room/Suite, PACU/Post Op, Peri Op",,100%,18:2
26013,FLPEN Sacred Heart Hosp GC,SHH Gulf,Rehab Services General OP 001,2,14,Rehab/Phys Med,REHB,50%,14:1 2:1
26013,FLPEN Sacred Heart Hosp GC,SHH Gulf,Respiratory Care 001,8,1,"Many Different Hospital Units, No Specific Unit",,63%,1:5 22:2 6:1
26013,FLPEN Sacred Heart Hosp GC,SHH Gulf,Surgery,3,18,"Pre Op, Operating Room/Suite, PACU/Post Op, Peri Op",,67%,18:2 4:1
26013,FLPEN Sacred Heart Hosp GC,SHH Gulf,Ultrasound,1,21,Radiology/ Imaging,RADI,100%,21:1
26016,FLPEN Sacred Heart Hosp EC,FL - Santa Rosa Beach-Offsite,Other Pat Services Anc 001,1,34,Other,,100%,34:1
26016,FLPEN Sacred Heart Hosp EC,SHH Emerald Coast,Administration,4,24,Admin/Mgmt,ADMN,75%,24:3 34:1
26016,FLPEN Sacred Heart Hosp EC,SHH Emerald Coast,Anesthesiology,1,16,Anesthesiology,,100%,16:1
26016,FLPEN Sacred Heart Hosp EC,SHH Emerald Coast,Auxiliary,1,34,Other,,100%,34:1
26016,FLPEN Sacred Heart Hosp EC,SHH Emerald Coast,Cardiac Cath Lab,9,34,Other,,33%,34:3 5:3 21:2 18:1
26016,FLPEN Sacred Heart Hosp EC,SHH Emerald Coast,Cardiac Holding Recovery 001,6,5,Unknown,CARD,83%,5:5 18:1
26016,FLPEN Sacred Heart Hosp EC,SHH Emerald Coast,Cardiology Services Admin 001,2,34,Other,,50%,34:1 5:1
26016,FLPEN Sacred Heart Hosp EC,SHH Emerald Coast,Case Mgmt,4,23,"Social Services, Case Management, Discharge Planning",,100%,23:4
26016,FLPEN Sacred Heart Hosp EC,SHH Emerald Coast,Computerized Tomography CT,6,21,Radiology/ Imaging,RADI,100%,21:6
26016,FLPEN Sacred Heart Hosp EC,SHH Emerald Coast,Diagnostic Radiology,10,21,Radiology/ Imaging,RADI,80%,21:8 6:1 1:1
26016,FLPEN Sacred Heart Hosp EC,SHH Emerald Coast,Electrocardiography EKG,2,34,Other,,50%,34:1 1:1
26016,FLPEN Sacred Heart Hosp EC,SHH Emerald Coast,Emergency Department,27,6,ED/Short Stay,EDPT,100%,6:27
26016,FLPEN Sacred Heart Hosp EC,SHH Emerald Coast,Float Staffing 001,25,1,"Many Different Hospital Units, No Specific Unit",,76%,1:19 2:2 34:2 6:1 3:1
26016,FLPEN Sacred Heart Hosp EC,SHH Emerald Coast,Imaging Admin 001,3,21,Radiology/ Imaging,RADI,100%,21:3
26016,FLPEN Sacred Heart Hosp EC,SHH Emerald Coast,Intensive Care Unit,53,8,ICU(All Adult Types),ICU,92%,8:49 2:1 15:1 5:1 34:1
26016,FLPEN Sacred Heart Hosp EC,SHH Emerald Coast,Labor and Delivery 001,34,9,Labor & Deliv/Ob,,100%,9:34
26016,FLPEN Sacred Heart Hosp EC,SHH Emerald Coast,Magnetic Resonance Imaging MRI,2,21,Radiology/ Imaging,RADI,100%,21:2
26016,FLPEN Sacred Heart Hosp EC,SHH Emerald Coast,Mammography 001,5,21,Radiology/ Imaging,RADI,100%,21:5
26016,FLPEN Sacred Heart Hosp EC,SHH Emerald Coast,Materials Management,6,34,Other,,50%,34:3 1:2 18:1
26016,FLPEN Sacred Heart Hosp EC,SHH Emerald Coast,Med Surg Unit,33,2,"Med/Surg, Other Pt. Care Units",MSRG,70%,2:23 4:9 3:1
26016,FLPEN Sacred Heart Hosp EC,SHH Emerald Coast,Monitor Room 001,1,15,Telemetry,TELE,100%,15:1
26016,FLPEN Sacred Heart Hosp EC,SHH Emerald Coast,Mother Baby Unit 001,15,9,Labor & Deliv/Ob,,93%,9:14 2:1
26016,FLPEN Sacred Heart Hosp EC,SHH Emerald Coast,Neonatal ICU Unit 001,18,11,"Peds, NICU, PICU",PEDS,94%,11:17 34:1
26016,FLPEN Sacred Heart Hosp EC,SHH Emerald Coast,Nuclear Medicine 001,1,21,Radiology/ Imaging,RADI,100%,21:1
26016,FLPEN Sacred Heart Hosp EC,SHH Emerald Coast,Nursing Administration,5,24,Admin/Mgmt,ADMN,60%,24:3 1:1 34:1
26016,FLPEN Sacred Heart Hosp EC,SHH Emerald Coast,Observation Unit 001,7,6,ED/Short Stay,EDPT,71%,6:5 2:1 3:1
26016,FLPEN Sacred Heart Hosp EC,SHH Emerald Coast,Other Pat Services Anc 001,4,34,Other,,100%,34:4
26016,FLPEN Sacred Heart Hosp EC,SHH Emerald Coast,Pastoral Care Spiritual Care,2,1,"Many Different Hospital Units, No Specific Unit",,50%,1:1 34:1
26016,FLPEN Sacred Heart Hosp EC,SHH Emerald Coast,Patient Access Admitting 002,5,9,Labor & Deliv/Ob,,80%,9:4 29:1
26016,FLPEN Sacred Heart Hosp EC,SHH Emerald Coast,Patient Education,1,34,Other,,100%,34:1
26016,FLPEN Sacred Heart Hosp EC,SHH Emerald Coast,Patient Education 002,2,9,Labor & Deliv/Ob,,100%,9:2
26016,FLPEN Sacred Heart Hosp EC,SHH Emerald Coast,Physical Therapy,6,1,"Many Different Hospital Units, No Specific Unit",,83%,1:5 14:1
26016,FLPEN Sacred Heart Hosp EC,SHH Emerald Coast,PositronEmissionTomography PET,1,21,Radiology/ Imaging,RADI,100%,21:1
26016,FLPEN Sacred Heart Hosp EC,SHH Emerald Coast,Pre Surgery,12,18,"Pre Op, Operating Room/Suite, PACU/Post Op, Peri Op",,92%,18:11 3:1
26016,FLPEN Sacred Heart Hosp EC,SHH Emerald Coast,Recovery Room,24,18,"Pre Op, Operating Room/Suite, PACU/Post Op, Peri Op",,100%,18:24
26016,FLPEN Sacred Heart Hosp EC,SHH Emerald Coast,Rehab Administration 001,1,14,Rehab/Phys Med,REHB,100%,14:1
26016,FLPEN Sacred Heart Hosp EC,SHH Emerald Coast,Rehab Services Ambulatory 001,1,1,"Many Different Hospital Units, No Specific Unit",,100%,1:1
26016,FLPEN Sacred Heart Hosp EC,SHH Emerald Coast,Respiratory Care 001,8,1,"Many Different Hospital Units, No Specific Unit",,50%,1:4 22:3 8:1
26016,FLPEN Sacred Heart Hosp EC,SHH Emerald Coast,Sterile Processing 001,5,18,"Pre Op, Operating Room/Suite, PACU/Post Op, Peri Op",,80%,18:4 34:1
26016,FLPEN Sacred Heart Hosp EC,SHH Emerald Coast,Surgery,40,18,"Pre Op, Operating Room/Suite, PACU/Post Op, Peri Op",,68%,18:27 4:8 17:2 2:2 34:1
26016,FLPEN Sacred Heart Hosp EC,SHH Emerald Coast,Surgical Services Admin 001,5,18,"Pre Op, Operating Room/Suite, PACU/Post Op, Peri Op",,60%,18:3 25:1 34:1
26016,FLPEN Sacred Heart Hosp EC,SHH Emerald Coast,Total Quality Management,5,28,"Quality, Risk Management, PAtient Safety",,80%,28:4 24:1
26016,FLPEN Sacred Heart Hosp EC,SHH Emerald Coast,Ultrasound,11,21,Radiology/ Imaging,RADI,91%,21:10 1:1
26016,FLPEN Sacred Heart Hosp EC,SHH Emerald Coast,Wound Care 001,1,1,"Many Different Hospital Units, No Specific Unit",,100%,1:1
26016,FLPEN Sacred Heart Hosp EC,SHH PanamaCty BayMedical,Infection Control,1,1,"Many Different Hospital Units, No Specific Unit",,100%,1:1
26016,FLPEN Sacred Heart Hosp EC,Sacred Hrt Hosp Pensacola,HIM Coding Documentation 001,1,1,"Many Different Hospital Units, No Specific Unit",,100%,1:1
26042,FLPEN Sacred Heart Hosp PC,Bay Beachside,Freestanding ER Dept 001,1,6,ED/Short Stay,EDPT,100%,6:1
26042,FLPEN Sacred Heart Hosp PC,SHH PanamaCty BayMedical,Administration 142,4,24,Admin/Mgmt,ADMN,50%,24:2 1:1 28:1
26042,FLPEN Sacred Heart Hosp PC,SHH PanamaCty BayMedical,Anesthesiology 001,1,18,"Pre Op, Operating Room/Suite, PACU/Post Op, Peri Op",,100%,18:1
26042,FLPEN Sacred Heart Hosp PC,SHH PanamaCty BayMedical,Cardiac Holding Recovery 001,6,34,Other,,83%,34:5 5:1
26042,FLPEN Sacred Heart Hosp PC,SHH PanamaCty BayMedical,Cardiology Services Admin 001,3,34,Other,,33%,34:1 5:1 1:1
26042,FLPEN Sacred Heart Hosp PC,SHH PanamaCty BayMedical,Cardiovascular Unit 001,29,5,Unknown,CARD,55%,5:16 2:10 15:2 4:1
26042,FLPEN Sacred Heart Hosp PC,SHH PanamaCty BayMedical,Case Mgmt,6,23,"Social Services, Case Management, Discharge Planning",,33%,23:2 34:1 2:1 6:1 8:1
26042,FLPEN Sacred Heart Hosp PC,SHH PanamaCty BayMedical,Central Telemetry Monitor 001,7,34,Other,,86%,34:6 15:1
26042,FLPEN Sacred Heart Hosp PC,SHH PanamaCty BayMedical,Computerized Tomography CT 001,7,21,Radiology/ Imaging,RADI,57%,21:4 6:3
26042,FLPEN Sacred Heart Hosp PC,SHH PanamaCty BayMedical,Diagnostic Cardiology Anc 001,2,34,Other,,50%,34:1 1:1
26042,FLPEN Sacred Heart Hosp PC,SHH PanamaCty BayMedical,Diagnostic Radiology 001,8,21,Radiology/ Imaging,RADI,38%,21:3 1:2 6:2 18:1
26042,FLPEN Sacred Heart Hosp PC,SHH PanamaCty BayMedical,Emergency Department 001,43,6,ED/Short Stay,EDPT,93%,6:40 1:1 24:1 34:1
26042,FLPEN Sacred Heart Hosp PC,SHH PanamaCty BayMedical,Emergency Services Admin 001,1,6,ED/Short Stay,EDPT,100%,6:1
26042,FLPEN Sacred Heart Hosp PC,SHH PanamaCty BayMedical,Employee Education 001,1,34,Other,,100%,34:1
26042,FLPEN Sacred Heart Hosp PC,SHH PanamaCty BayMedical,Float Staffing 001,2,1,"Many Different Hospital Units, No Specific Unit",,100%,1:2
26042,FLPEN Sacred Heart Hosp PC,SHH PanamaCty BayMedical,Freestanding ER Dept 001,15,6,ED/Short Stay,EDPT,93%,6:14 34:1
26042,FLPEN Sacred Heart Hosp PC,SHH PanamaCty BayMedical,General Lab Anc 001,1,19,Path/Lab,LAB,100%,19:1
26042,FLPEN Sacred Heart Hosp PC,SHH PanamaCty BayMedical,General Radiology Amb 001,2,6,ED/Short Stay,EDPT,50%,6:1 1:1
26042,FLPEN Sacred Heart Hosp PC,SHH PanamaCty BayMedical,General Radiology Amb 002,1,21,Radiology/ Imaging,RADI,100%,21:1
26042,FLPEN Sacred Heart Hosp PC,SHH PanamaCty BayMedical,HIM Coding Documentation 001,2,27,"Information Technology, Health Information Management, Clinical Informatics",,50%,27:1 34:1
26042,FLPEN Sacred Heart Hosp PC,SHH PanamaCty BayMedical,Imaging Admin 001,2,34,Other,,50%,34:1 21:1
26042,FLPEN Sacred Heart Hosp PC,SHH PanamaCty BayMedical,Infection Control 001,3,28,"Quality, Risk Management, PAtient Safety",,100%,28:3
26042,FLPEN Sacred Heart Hosp PC,SHH PanamaCty BayMedical,Intensive Care Unit 001,40,8,ICU(All Adult Types),ICU,100%,8:40
26042,FLPEN Sacred Heart Hosp PC,SHH PanamaCty BayMedical,Invasive Cardiology Anc 001,15,34,Other,,67%,34:10 21:3 5:2
26042,FLPEN Sacred Heart Hosp PC,SHH PanamaCty BayMedical,Magnetic Resonance Imaging 001,3,21,Radiology/ Imaging,RADI,100%,21:3
26042,FLPEN Sacred Heart Hosp PC,SHH PanamaCty BayMedical,Materials Management 001,5,34,Other,,60%,34:3 8:1 1:1
26042,FLPEN Sacred Heart Hosp PC,SHH PanamaCty BayMedical,Nurse Education 002,1,6,ED/Short Stay,EDPT,100%,6:1
26042,FLPEN Sacred Heart Hosp PC,SHH PanamaCty BayMedical,Nursing Administration 001,4,1,"Many Different Hospital Units, No Specific Unit",,50%,1:2 24:2
26042,FLPEN Sacred Heart Hosp PC,SHH PanamaCty BayMedical,Observation Unit 007,14,6,ED/Short Stay,EDPT,50%,6:7 2:2 3:2 1:1 15:1 34:1
26042,FLPEN Sacred Heart Hosp PC,SHH PanamaCty BayMedical,Ortho Neuro Nrsng Unit 001,46,2,"Med/Surg, Other Pt. Care Units",MSRG,63%,2:29 4:12 1:1 5:1 8:1 24:1 18:1
26042,FLPEN Sacred Heart Hosp PC,SHH PanamaCty BayMedical,Pastoral Spiritual Care 001,4,1,"Many Different Hospital Units, No Specific Unit",,100%,1:4
26042,FLPEN Sacred Heart Hosp PC,SHH PanamaCty BayMedical,Perioperative Care Anc 001,3,18,"Pre Op, Operating Room/Suite, PACU/Post Op, Peri Op",,100%,18:3
26042,FLPEN Sacred Heart Hosp PC,SHH PanamaCty BayMedical,Physical Therapy 001,7,1,"Many Different Hospital Units, No Specific Unit",,57%,1:4 14:2 3:1
26042,FLPEN Sacred Heart Hosp PC,SHH PanamaCty BayMedical,PreSurgery 001,2,18,"Pre Op, Operating Room/Suite, PACU/Post Op, Peri Op",,100%,18:2
26042,FLPEN Sacred Heart Hosp PC,SHH PanamaCty BayMedical,Recovery Room,6,18,"Pre Op, Operating Room/Suite, PACU/Post Op, Peri Op",,100%,18:6
26042,FLPEN Sacred Heart Hosp PC,SHH PanamaCty BayMedical,Rehab Administration 001,1,1,"Many Different Hospital Units, No Specific Unit",,100%,1:1
26042,FLPEN Sacred Heart Hosp PC,SHH PanamaCty BayMedical,Rehab Services PC,2,14,Rehab/Phys Med,REHB,100%,14:2
26042,FLPEN Sacred Heart Hosp PC,SHH PanamaCty BayMedical,Respiratory Care 001,10,22,Respiratory Therapy,RESP,30%,22:3 1:3 2:1 8:1 5:1 6:1
26042,FLPEN Sacred Heart Hosp PC,SHH PanamaCty BayMedical,Stepdown Intermediate Care 001,20,8,ICU(All Adult Types),ICU,45%,8:9 34:8 18:1 11:1 2:1
26042,FLPEN Sacred Heart Hosp PC,SHH PanamaCty BayMedical,Sterile Processing 001,7,34,Other,,29%,34:2 18:2 4:2 15:1
26042,FLPEN Sacred Heart Hosp PC,SHH PanamaCty BayMedical,Surgery 001,43,18,"Pre Op, Operating Room/Suite, PACU/Post Op, Peri Op",,84%,18:36 4:4 2:2 17:1
26042,FLPEN Sacred Heart Hosp PC,SHH PanamaCty BayMedical,Surgical Services Admin 001,3,18,"Pre Op, Operating Room/Suite, PACU/Post Op, Peri Op",,67%,18:2 2:1
26042,FLPEN Sacred Heart Hosp PC,SHH PanamaCty BayMedical,Total Quality Management 001,7,28,"Quality, Risk Management, PAtient Safety",,86%,28:6 24:1
26042,FLPEN Sacred Heart Hosp PC,SHH PanamaCty BayMedical,Trauma Services 001,5,1,"Many Different Hospital Units, No Specific Unit",,60%,1:3 34:1 28:1
26042,FLPEN Sacred Heart Hosp PC,SHH PanamaCty BayMedical,Ultrasound 001,1,21,Radiology/ Imaging,RADI,100%,21:1
26042,FLPEN Sacred Heart Hosp PC,SHH PanamaCty BayMedical,Volunteer Services 001,1,34,Other,,100%,34:1
52005,FLJAC St Lukes Hospital,ASV Southside Hospital,Acute Rehab Unit 001,17,14,Rehab/Phys Med,REHB,71%,14:12 34:5
52005,FLJAC St Lukes Hospital,ASV Southside Hospital,Administration 005,2,1,"Many Different Hospital Units, No Specific Unit",,50%,1:1 24:1
52005,FLJAC St Lukes Hospital,ASV Southside Hospital,Bariatric Surgical Unit 001,7,2,"Med/Surg, Other Pt. Care Units",MSRG,43%,2:3 4:2 15:1 1:1
52005,FLJAC St Lukes Hospital,ASV Southside Hospital,Breast Health Services 001,2,21,Radiology/ Imaging,RADI,100%,21:2
52005,FLJAC St Lukes Hospital,ASV Southside Hospital,Cardiac Cath Labs Anc 001,8,5,Unknown,CARD,75%,5:6 34:1 18:1
52005,FLJAC St Lukes Hospital,ASV Southside Hospital,Cardiac Holding Recovery 001,6,5,Unknown,CARD,83%,5:5 34:1
52005,FLJAC St Lukes Hospital,ASV Southside Hospital,Cardiovascular Unit 001,5,5,Unknown,CARD,40%,5:2 6:1 21:1 15:1
52005,FLJAC St Lukes Hospital,ASV Southside Hospital,Case Mgmt,11,23,"Social Services, Case Management, Discharge Planning",,55%,23:6 1:3 34:1 3:1
52005,FLJAC St Lukes Hospital,ASV Southside Hospital,Computerized Tomography CT 001,1,21,Radiology/ Imaging,RADI,100%,21:1
52005,FLJAC St Lukes Hospital,ASV Southside Hospital,Critical Care Unit 001,27,8,ICU(All Adult Types),ICU,96%,8:26 1:1
52005,FLJAC St Lukes Hospital,ASV Southside Hospital,Diagnostic Cardiology Anc 002,3,5,Unknown,CARD,67%,5:2 21:1
52005,FLJAC St Lukes Hospital,ASV Southside Hospital,Diagnostic Radiology 001,1,18,"Pre Op, Operating Room/Suite, PACU/Post Op, Peri Op",,100%,18:1
52005,FLJAC St Lukes Hospital,ASV Southside Hospital,Dietary 001,1,30,"Food Services, Dietary",,100%,30:1
52005,FLJAC St Lukes Hospital,ASV Southside Hospital,Emergency Department 001,37,6,ED/Short Stay,EDPT,95%,6:35 34:1 1:1
52005,FLJAC St Lukes Hospital,ASV Southside Hospital,Endoscopy GI 001,10,17,"Endoscopy, Colonoscopy",,60%,17:6 7:3 1:1
52005,FLJAC St Lukes Hospital,ASV Southside Hospital,Float Staffing 001,49,1,"Many Different Hospital Units, No Specific Unit",,73%,1:36 34:4 2:4 15:3 4:1 8:1
52005,FLJAC St Lukes Hospital,ASV Southside Hospital,Imaging Admin 001,1,21,Radiology/ Imaging,RADI,100%,21:1
52005,FLJAC St Lukes Hospital,ASV Southside Hospital,Interventional Radiology 001,2,21,Radiology/ Imaging,RADI,100%,21:2
52005,FLJAC St Lukes Hospital,ASV Southside Hospital,LDRPN Unit 001,43,9,Labor & Deliv/Ob,,100%,9:43
52005,FLJAC St Lukes Hospital,ASV Southside Hospital,Lactation Center 001,3,9,Labor & Deliv/Ob,,100%,9:3
52005,FLJAC St Lukes Hospital,ASV Southside Hospital,Magnetic Resonance Imaging 001,1,21,Radiology/ Imaging,RADI,100%,21:1
52005,FLJAC St Lukes Hospital,ASV Southside Hospital,Materials Management 001,3,3,Medical Unit (Non Surgical),,33%,3:1 2:1 34:1
52005,FLJAC St Lukes Hospital,ASV Southside Hospital,Neonatal ICU Unit 001,16,11,"Peds, NICU, PICU",PEDS,88%,11:14 34:1 9:1
52005,FLJAC St Lukes Hospital,ASV Southside Hospital,Neurodiagnostic Lab 001,1,1,"Many Different Hospital Units, No Specific Unit",,100%,1:1
52005,FLJAC St Lukes Hospital,ASV Southside Hospital,Nursing Administration 001,5,24,Admin/Mgmt,ADMN,40%,24:2 1:2 15:1
52005,FLJAC St Lukes Hospital,ASV Southside Hospital,OB Triage 001,2,9,Labor & Deliv/Ob,,100%,9:2
52005,FLJAC St Lukes Hospital,ASV Southside Hospital,Occupational Therapy 001,7,1,"Many Different Hospital Units, No Specific Unit",,57%,1:4 2:2 11:1
52005,FLJAC St Lukes Hospital,ASV Southside Hospital,Orthopedics Unit 002,7,4,Surg Svcs,SVCS,57%,4:4 2:2 3:1
52005,FLJAC St Lukes Hospital,ASV Southside Hospital,Othr Specialty Nrsng Unit 006,8,2,"Med/Surg, Other Pt. Care Units",MSRG,63%,2:5 15:3
52005,FLJAC St Lukes Hospital,ASV Southside Hospital,Pastoral Spiritual Care 001,1,1,"Many Different Hospital Units, No Specific Unit",,100%,1:1
52005,FLJAC St Lukes Hospital,ASV Southside Hospital,Patient Transportation 001,1,34,Other,,100%,34:1
52005,FLJAC St Lukes Hospital,ASV Southside Hospital,Pharmacy Services General 001,1,6,ED/Short Stay,EDPT,100%,6:1
52005,FLJAC St Lukes Hospital,ASV Southside Hospital,Physical Therapy 001,11,1,"Many Different Hospital Units, No Specific Unit",,64%,1:7 2:3 24:1
52005,FLJAC St Lukes Hospital,ASV Southside Hospital,PreSurgery 001,8,18,"Pre Op, Operating Room/Suite, PACU/Post Op, Peri Op",,75%,18:6 16:1 34:1
52005,FLJAC St Lukes Hospital,ASV Southside Hospital,Rapid Deployment Team 001,5,8,ICU(All Adult Types),ICU,60%,8:3 1:2
52005,FLJAC St Lukes Hospital,ASV Southside Hospital,Recovery Rm Amb 001,22,18,"Pre Op, Operating Room/Suite, PACU/Post Op, Peri Op",,91%,18:20 1:1 4:1
52005,FLJAC St Lukes Hospital,ASV Southside Hospital,Rehab Administration 001,2,14,Rehab/Phys Med,REHB,50%,14:1 2:1
52005,FLJAC St Lukes Hospital,ASV Southside Hospital,Rehab Services General 001,10,14,Rehab/Phys Med,REHB,80%,14:8 1:1 34:1
52005,FLJAC St Lukes Hospital,ASV Southside Hospital,Respiratory Care 001,14,1,"Many Different Hospital Units, No Specific Unit",,64%,1:9 22:5
52005,FLJAC St Lukes Hospital,ASV Southside Hospital,Revenue Cycle Mgmt 002,1,21,Radiology/ Imaging,RADI,100%,21:1
52005,FLJAC St Lukes Hospital,ASV Southside Hospital,Security 001,4,32,Security Services,,75%,32:3 1:1
52005,FLJAC St Lukes Hospital,ASV Southside Hospital,Speech Therapy 001,5,14,Rehab/Phys Med,REHB,40%,14:2 11:1 34:1 1:1
52005,FLJAC St Lukes Hospital,ASV Southside Hospital,Stepdown Intermediate Care 001,12,5,Unknown,CARD,33%,5:4 34:3 2:2 15:2 1:1
52005,FLJAC St Lukes Hospital,ASV Southside Hospital,Sterile Processing 001,6,34,Other,,50%,34:3 18:2 17:1
52005,FLJAC St Lukes Hospital,ASV Southside Hospital,Surgery 002,21,18,"Pre Op, Operating Room/Suite, PACU/Post Op, Peri Op",,71%,18:15 4:4 17:1 14:1
52005,FLJAC St Lukes Hospital,ASV Southside Hospital,Surgical Services Admin 001,1,34,Other,,100%,34:1
52005,FLJAC St Lukes Hospital,ASV Southside Hospital,Telemetry Nursing Unit 002,9,2,"Med/Surg, Other Pt. Care Units",MSRG,44%,2:4 15:4 4:1
52005,FLJAC St Lukes Hospital,ASV Southside Hospital,Ultrasound 001,1,21,Radiology/ Imaging,RADI,100%,21:1
52005,FLJAC St Lukes Hospital,ASV Southside Hospital,Vascular Venous Access PICC,1,1,"Many Different Hospital Units, No Specific Unit",,100%,1:1
52005,FLJAC St Lukes Hospital,ASV Southside Hospital,Volunteer Services 001,2,34,Other,,50%,34:1 29:1
52005,FLJAC St Lukes Hospital,Freestanding ER Arlington,Freestanding ER Dept 001,22,6,ED/Short Stay,EDPT,59%,6:13 21:3 1:2 22:2 32:1 34:1
52005,FLJAC St Lukes Hospital,WV - Morgantown - Offsite,Rehab Administration 001,1,14,Rehab/Phys Med,REHB,100%,14:1
52009,FLJAC St Vincents Medical Ctr,ASV Riverside Hospital,Administration 005,3,24,Admin/Mgmt,ADMN,100%,24:3
52009,FLJAC St Vincents Medical Ctr,ASV Riverside Hospital,Anesthesiology 003,4,16,Anesthesiology,,50%,16:2 18:1 4:1
52009,FLJAC St Vincents Medical Ctr,ASV Riverside Hospital,Bariatric Support Svcs 001,1,34,Other,,100%,34:1
52009,FLJAC St Vincents Medical Ctr,ASV Riverside Hospital,Bariatric Surgical Unit 001,8,4,Surg Svcs,SVCS,63%,4:5 2:3
52009,FLJAC St Vincents Medical Ctr,ASV Riverside Hospital,Breast Health Services 001,3,21,Radiology/ Imaging,RADI,67%,21:2 34:1
52009,FLJAC St Vincents Medical Ctr,ASV Riverside Hospital,CCU,19,8,ICU(All Adult Types),ICU,95%,8:18 5:1
52009,FLJAC St Vincents Medical Ctr,ASV Riverside Hospital,Cardiac Cath Labs Anc 001,7,34,Other,,71%,34:5 5:1 21:1
52009,FLJAC St Vincents Medical Ctr,ASV Riverside Hospital,Cardiac Critical Care Unit,7,8,ICU(All Adult Types),ICU,100%,8:7
52009,FLJAC St Vincents Medical Ctr,ASV Riverside Hospital,Cardiac Holding Recovery 001,5,18,"Pre Op, Operating Room/Suite, PACU/Post Op, Peri Op",,40%,18:2 5:2 34:1
52009,FLJAC St Vincents Medical Ctr,ASV Riverside Hospital,Cardiac Nuclear Med Amb 001,2,34,Other,,100%,34:2
52009,FLJAC St Vincents Medical Ctr,ASV Riverside Hospital,Cardiac Nuclear Med Amb 002,1,21,Radiology/ Imaging,RADI,100%,21:1
52009,FLJAC St Vincents Medical Ctr,ASV Riverside Hospital,Cardiac Rehabilitation Anc 001,1,34,Other,,100%,34:1
52009,FLJAC St Vincents Medical Ctr,ASV Riverside Hospital,Cardiology Services Admin 001,2,2,"Med/Surg, Other Pt. Care Units",MSRG,50%,2:1 5:1
52009,FLJAC St Vincents Medical Ctr,ASV Riverside Hospital,Case Mgmt,12,23,"Social Services, Case Management, Discharge Planning",,50%,23:6 15:2 6:2 1:1 4:1
52009,FLJAC St Vincents Medical Ctr,ASV Riverside Hospital,College Programs 001,6,21,Radiology/ Imaging,RADI,100%,21:6
52009,FLJAC St Vincents Medical Ctr,ASV Riverside Hospital,Computerized Tomography CT 001,4,21,Radiology/ Imaging,RADI,75%,21:3 34:1
52009,FLJAC St Vincents Medical Ctr,ASV Riverside Hospital,Critical Care Unit 001,19,8,ICU(All Adult Types),ICU,100%,8:19
52009,FLJAC St Vincents Medical Ctr,ASV Riverside Hospital,Diabetes Education,2,2,"Med/Surg, Other Pt. Care Units",MSRG,50%,2:1 1:1
52009,FLJAC St Vincents Medical Ctr,ASV Riverside Hospital,Diagnostic Cardiology Anc 001,1,18,"Pre Op, Operating Room/Suite, PACU/Post Op, Peri Op",,100%,18:1
52009,FLJAC St Vincents Medical Ctr,ASV Riverside Hospital,Diagnostic Radiology 001,8,21,Radiology/ Imaging,RADI,63%,21:5 1:1 18:1 6:1
52009,FLJAC St Vincents Medical Ctr,ASV Riverside Hospital,Electrophysiology Lab Anc 001,3,5,Unknown,CARD,67%,5:2 34:1
52009,FLJAC St Vincents Medical Ctr,ASV Riverside Hospital,Emergency Department 001,38,6,ED/Short Stay,EDPT,95%,6:36 34:2
52009,FLJAC St Vincents Medical Ctr,ASV Riverside Hospital,Endoscopy GI 001,4,17,"Endoscopy, Colonoscopy",,50%,17:2 7:1 24:1
52009,FLJAC St Vincents Medical Ctr,ASV Riverside Hospital,Float Staffing 001,8,8,ICU(All Adult Types),ICU,63%,8:5 1:1 7:1 17:1
52009,FLJAC St Vincents Medical Ctr,ASV Riverside Hospital,IP Wound Care 001,1,34,Other,,100%,34:1
52009,FLJAC St Vincents Medical Ctr,ASV Riverside Hospital,Imaging Admin 001,1,21,Radiology/ Imaging,RADI,100%,21:1
52009,FLJAC St Vincents Medical Ctr,ASV Riverside Hospital,Infusion Ambulatory 001,2,18,"Pre Op, Operating Room/Suite, PACU/Post Op, Peri Op",,50%,18:1 4:1
52009,FLJAC St Vincents Medical Ctr,ASV Riverside Hospital,Lab Hematology Anc 001,1,19,Path/Lab,LAB,100%,19:1
52009,FLJAC St Vincents Medical Ctr,ASV Riverside Hospital,Lab Outreach Amb 001,1,19,Path/Lab,LAB,100%,19:1
52009,FLJAC St Vincents Medical Ctr,ASV Riverside Hospital,Lab Support Services 003,1,19,Path/Lab,LAB,100%,19:1
52009,FLJAC St Vincents Medical Ctr,ASV Riverside Hospital,Magnetic Resonance Imaging 001,2,21,Radiology/ Imaging,RADI,100%,21:2
52009,FLJAC St Vincents Medical Ctr,ASV Riverside Hospital,Mammography 001,1,21,Radiology/ Imaging,RADI,100%,21:1
52009,FLJAC St Vincents Medical Ctr,ASV Riverside Hospital,Materials Management 001,3,34,Other,,100%,34:3
52009,FLJAC St Vincents Medical Ctr,ASV Riverside Hospital,Medical Surgical,26,2,"Med/Surg, Other Pt. Care Units",MSRG,77%,2:20 3:3 4:2 5:1
52009,FLJAC St Vincents Medical Ctr,ASV Riverside Hospital,Nursing Administration 001,2,1,"Many Different Hospital Units, No Specific Unit",,100%,1:2
52009,FLJAC St Vincents Medical Ctr,ASV Riverside Hospital,Nursing Surgical Unit 001,10,2,"Med/Surg, Other Pt. Care Units",MSRG,50%,2:5 4:4 15:1
52009,FLJAC St Vincents Medical Ctr,ASV Riverside Hospital,OP Therapy,1,14,Rehab/Phys Med,REHB,100%,14:1
52009,FLJAC St Vincents Medical Ctr,ASV Riverside Hospital,Observation Unit 002,9,6,ED/Short Stay,EDPT,56%,6:5 15:1 34:1 8:1 3:1
52009,FLJAC St Vincents Medical Ctr,ASV Riverside Hospital,Occupational Therapy 001,9,14,Rehab/Phys Med,REHB,33%,14:3 1:2 2:2 8:1 15:1
52009,FLJAC St Vincents Medical Ctr,ASV Riverside Hospital,Pastoral Spiritual Care 001,5,1,"Many Different Hospital Units, No Specific Unit",,100%,1:5
52009,FLJAC St Vincents Medical Ctr,ASV Riverside Hospital,Patient Transportation 001,4,33,Transport,,50%,33:2 2:1 1:1
52009,FLJAC St Vincents Medical Ctr,ASV Riverside Hospital,Pharmacy Services General 001,5,20,Pharmacy,PHAR,60%,20:3 1:1 28:1
52009,FLJAC St Vincents Medical Ctr,ASV Riverside Hospital,Physical Therapy 001,18,1,"Many Different Hospital Units, No Specific Unit",,44%,1:8 14:3 34:2 3:1 8:1 15:1 2:1 6:1
52009,FLJAC St Vincents Medical Ctr,ASV Riverside Hospital,Physician Support Services 001,1,24,Admin/Mgmt,ADMN,100%,24:1
52009,FLJAC St Vincents Medical Ctr,ASV Riverside Hospital,PreSurgery 001,16,18,"Pre Op, Operating Room/Suite, PACU/Post Op, Peri Op",,94%,18:15 34:1
52009,FLJAC St Vincents Medical Ctr,ASV Riverside Hospital,Pulmonary Diagnostics 001,1,34,Other,,100%,34:1
52009,FLJAC St Vincents Medical Ctr,ASV Riverside Hospital,Rapid Deployment Team 001,2,1,"Many Different Hospital Units, No Specific Unit",,100%,1:2
52009,FLJAC St Vincents Medical Ctr,ASV Riverside Hospital,Recovery Rm Amb 001,10,18,"Pre Op, Operating Room/Suite, PACU/Post Op, Peri Op",,80%,18:8 1:1 34:1
52009,FLJAC St Vincents Medical Ctr,ASV Riverside Hospital,Research Administration 001,4,34,Other,,100%,34:4
52009,FLJAC St Vincents Medical Ctr,ASV Riverside Hospital,Research Cardiology Series 001,1,34,Other,,100%,34:1
52009,FLJAC St Vincents Medical Ctr,ASV Riverside Hospital,Residents Pharmacy 001,1,20,Pharmacy,PHAR,100%,20:1
52009,FLJAC St Vincents Medical Ctr,ASV Riverside Hospital,Respiratory Care 001,17,1,"Many Different Hospital Units, No Specific Unit",,59%,1:10 22:6 34:1
52009,FLJAC St Vincents Medical Ctr,ASV Riverside Hospital,Revenue Cycle Mgmt 002,1,34,Other,,100%,34:1
52009,FLJAC St Vincents Medical Ctr,ASV Riverside Hospital,SURGERY CENTER,26,18,"Pre Op, Operating Room/Suite, PACU/Post Op, Peri Op",,85%,18:22 4:3 6:1
52009,FLJAC St Vincents Medical Ctr,ASV Riverside Hospital,Security 001,15,32,Security Services,,87%,32:13 1:1 26:1
52009,FLJAC St Vincents Medical Ctr,ASV Riverside Hospital,Speech Therapy 001,5,1,"Many Different Hospital Units, No Specific Unit",,100%,1:5
52009,FLJAC St Vincents Medical Ctr,ASV Riverside Hospital,Stepdown Intermediate Care 001,14,5,Unknown,CARD,43%,5:6 15:5 34:3
52009,FLJAC St Vincents Medical Ctr,ASV Riverside Hospital,Sterile Processing 001,32,34,Other,,34%,34:11 18:10 4:5 2:4 16:1 3:1
52009,FLJAC St Vincents Medical Ctr,ASV Riverside Hospital,Surgery 002,68,18,"Pre Op, Operating Room/Suite, PACU/Post Op, Peri Op",,76%,18:52 4:9 34:4 2:2 1:1
52009,FLJAC St Vincents Medical Ctr,ASV Riverside Hospital,Surgical Oncology,13,10,"Oncology, Hematology",,62%,10:8 2:4 4:1
52009,FLJAC St Vincents Medical Ctr,ASV Riverside Hospital,Surgical Services Admin 001,3,18,"Pre Op, Operating Room/Suite, PACU/Post Op, Peri Op",,67%,18:2 1:1
52009,FLJAC St Vincents Medical Ctr,ASV Riverside Hospital,Telemetry Unit 002,26,15,Telemetry,TELE,58%,15:15 2:10 3:1
52009,FLJAC St Vincents Medical Ctr,ASV Riverside Hospital,Telemetry Unit 003,44,5,Unknown,CARD,48%,5:21 15:20 2:2 34:1
52009,FLJAC St Vincents Medical Ctr,ASV Riverside Hospital,Ultrasound 001,3,21,Radiology/ Imaging,RADI,100%,21:3
52009,FLJAC St Vincents Medical Ctr,ASV Riverside Hospital,Vascular Venous Access PICC,1,4,Surg Svcs,SVCS,100%,4:1
52009,FLJAC St Vincents Medical Ctr,Freestanding ER Collins,Freestanding ER Dept 001,31,6,ED/Short Stay,EDPT,71%,6:22 21:6 32:2 22:1
52009,FLJAC St Vincents Medical Ctr,Optimal Imaging - Riverside,Diagnostic Radiology Amb 002,5,21,Radiology/ Imaging,RADI,100%,21:5
52009,FLJAC St Vincents Medical Ctr,SV Health Center Mandarin,Diagnostic Radiology Amb 002,1,29,Admitting/Registration,,100%,29:1
52009,FLJAC St Vincents Medical Ctr,SV Health Center St. Johns,Diagnostic Radiology Amb 002,1,21,Radiology/ Imaging,RADI,100%,21:1
52012,FLJAC SVMC Clay County,ASV Clay County Hospital,2W Medical,37,2,"Med/Surg, Other Pt. Care Units",MSRG,59%,2:22 15:7 3:5 34:2 4:1
52012,FLJAC SVMC Clay County,ASV Clay County Hospital,Administration 005,3,24,Admin/Mgmt,ADMN,100%,24:3
52012,FLJAC SVMC Clay County,ASV Clay County Hospital,Breast Health Services 001,2,21,Radiology/ Imaging,RADI,100%,21:2
52012,FLJAC SVMC Clay County,ASV Clay County Hospital,Cardiac Cath Labs Anc 001,16,5,Unknown,CARD,50%,5:8 34:4 18:2 21:1 4:1
52012,FLJAC SVMC Clay County,ASV Clay County Hospital,Cardiac Holding Recovery 001,11,5,Unknown,CARD,91%,5:10 34:1
52012,FLJAC SVMC Clay County,ASV Clay County Hospital,Cardiac Nuclear Med Amb 001,1,21,Radiology/ Imaging,RADI,100%,21:1
52012,FLJAC SVMC Clay County,ASV Clay County Hospital,Case Mgmt,15,23,"Social Services, Case Management, Discharge Planning",,60%,23:9 1:3 2:2 4:1
52012,FLJAC SVMC Clay County,ASV Clay County Hospital,Computerized Tomography CT 001,4,21,Radiology/ Imaging,RADI,75%,21:3 1:1
52012,FLJAC SVMC Clay County,ASV Clay County Hospital,Diabetes Education,1,1,"Many Different Hospital Units, No Specific Unit",,100%,1:1
52012,FLJAC SVMC Clay County,ASV Clay County Hospital,Diagnostic Cardiology Anc 001,5,5,Unknown,CARD,40%,5:2 34:2 21:1
52012,FLJAC SVMC Clay County,ASV Clay County Hospital,Diagnostic Radiology 001,7,21,Radiology/ Imaging,RADI,100%,21:7
52012,FLJAC SVMC Clay County,ASV Clay County Hospital,Emergency Department 001,40,6,ED/Short Stay,EDPT,95%,6:38 22:1 34:1
52012,FLJAC SVMC Clay County,ASV Clay County Hospital,Endoscopy GI 001,6,17,"Endoscopy, Colonoscopy",,67%,17:4 34:1 18:1
52012,FLJAC SVMC Clay County,ASV Clay County Hospital,IP Wound Care 001,1,1,"Many Different Hospital Units, No Specific Unit",,100%,1:1
52012,FLJAC SVMC Clay County,ASV Clay County Hospital,LDRPN Unit 001,45,9,Labor & Deliv/Ob,,96%,9:43 8:1 2:1
52012,FLJAC SVMC Clay County,ASV Clay County Hospital,Lactation Center 001,1,9,Labor & Deliv/Ob,,100%,9:1
52012,FLJAC SVMC Clay County,ASV Clay County Hospital,MICU,23,8,ICU(All Adult Types),ICU,96%,8:22 6:1
52012,FLJAC SVMC Clay County,ASV Clay County Hospital,Magnetic Resonance Imaging 001,2,21,Radiology/ Imaging,RADI,100%,21:2
52012,FLJAC SVMC Clay County,ASV Clay County Hospital,Materials Management 001,6,34,Other,,67%,34:4 1:1 31:1
52012,FLJAC SVMC Clay County,ASV Clay County Hospital,Neonatal ICU Unit 001,12,11,"Peds, NICU, PICU",PEDS,83%,11:10 9:2
52012,FLJAC SVMC Clay County,ASV Clay County Hospital,Nuclear Medicine 001,1,21,Radiology/ Imaging,RADI,100%,21:1
52012,FLJAC SVMC Clay County,ASV Clay County Hospital,Nursing Administration,8,1,"Many Different Hospital Units, No Specific Unit",,38%,1:3 2:2 18:1 8:1 24:1
52012,FLJAC SVMC Clay County,ASV Clay County Hospital,Nursing Unit 001,40,2,"Med/Surg, Other Pt. Care Units",MSRG,50%,2:20 3:4 4:4 15:4 34:3 6:2 1:2 24:1
52012,FLJAC SVMC Clay County,ASV Clay County Hospital,OB Triage 001,5,9,Labor & Deliv/Ob,,80%,9:4 34:1
52012,FLJAC SVMC Clay County,ASV Clay County Hospital,Occupational Therapy 001,6,14,Rehab/Phys Med,REHB,50%,14:3 1:3
52012,FLJAC SVMC Clay County,ASV Clay County Hospital,Orthopedics Unit 001,49,2,"Med/Surg, Other Pt. Care Units",MSRG,63%,2:31 4:7 3:4 6:2 5:1 9:1 1:1 29:1 14:1
52012,FLJAC SVMC Clay County,ASV Clay County Hospital,Pastoral Spiritual Care 001,2,15,Telemetry,TELE,50%,15:1 1:1
52012,FLJAC SVMC Clay County,ASV Clay County Hospital,Patient Transportation 001,6,21,Radiology/ Imaging,RADI,50%,21:3 33:2 1:1
52012,FLJAC SVMC Clay County,ASV Clay County Hospital,Pharmacy Services General 001,2,6,ED/Short Stay,EDPT,50%,6:1 1:1
52012,FLJAC SVMC Clay County,ASV Clay County Hospital,Physical Therapy 001,11,14,Rehab/Phys Med,REHB,55%,14:6 1:4 2:1
52012,FLJAC SVMC Clay County,ASV Clay County Hospital,Physician Support Services 001,1,24,Admin/Mgmt,ADMN,100%,24:1
52012,FLJAC SVMC Clay County,ASV Clay County Hospital,PreSurgery 001,5,18,"Pre Op, Operating Room/Suite, PACU/Post Op, Peri Op",,100%,18:5
52012,FLJAC SVMC Clay County,ASV Clay County Hospital,Rapid Deployment Team 001,2,1,"Many Different Hospital Units, No Specific Unit",,50%,1:1 8:1
52012,FLJAC SVMC Clay County,ASV Clay County Hospital,Recovery Rm Amb 001,29,18,"Pre Op, Operating Room/Suite, PACU/Post Op, Peri Op",,83%,18:24 4:3 34:1 1:1
52012,FLJAC SVMC Clay County,ASV Clay County Hospital,Respiratory Care 001,18,1,"Many Different Hospital Units, No Specific Unit",,50%,1:9 22:7 13:1 8:1
52012,FLJAC SVMC Clay County,ASV Clay County Hospital,Security 001,9,32,Security Services,,67%,32:6 1:1 28:1 34:1
52012,FLJAC SVMC Clay County,ASV Clay County Hospital,Speech Therapy 001,2,15,Telemetry,TELE,50%,15:1 14:1
52012,FLJAC SVMC Clay County,ASV Clay County Hospital,Stepdown Intermediate Care 001,17,8,ICU(All Adult Types),ICU,47%,8:8 34:5 15:2 1:1 5:1
52012,FLJAC SVMC Clay County,ASV Clay County Hospital,Sterile Processing 001,2,4,Surg Svcs,SVCS,50%,4:1 34:1
52012,FLJAC SVMC Clay County,ASV Clay County Hospital,Surgery 002,30,18,"Pre Op, Operating Room/Suite, PACU/Post Op, Peri Op",,60%,18:18 4:6 2:5 34:1
52012,FLJAC SVMC Clay County,ASV Clay County Hospital,Ultrasound 001,2,21,Radiology/ Imaging,RADI,50%,21:1 34:1
52012,FLJAC SVMC Clay County,ASV Clay County Hospital,Vascular Venous Access PICC,1,6,ED/Short Stay,EDPT,100%,6:1
52012,FLJAC SVMC Clay County,ASV Clay County Hospital,Volunteer Services 001,1,24,Admin/Mgmt,ADMN,100%,24:1
52012,FLJAC SVMC Clay County,Optimal Imaging - Middleburg,Diagnostic Radiology Amb 002,2,21,Radiology/ Imaging,RADI,100%,21:2
52015,FLJAC St Johns County Hospital,ASV St. Johns County,Administration 142,2,24,Admin/Mgmt,ADMN,100%,24:2
52015,FLJAC St Johns County Hospital,ASV St. Johns County,Breast Health Services 001,2,21,Radiology/ Imaging,RADI,100%,21:2
52015,FLJAC St Johns County Hospital,ASV St. Johns County,Case Mgmt,3,1,"Many Different Hospital Units, No Specific Unit",,67%,1:2 34:1
52015,FLJAC St Johns County Hospital,ASV St. Johns County,Computerized Tomography CT 001,7,21,Radiology/ Imaging,RADI,100%,21:7
52015,FLJAC St Johns County Hospital,ASV St. Johns County,Critical Care Unit 001,11,8,ICU(All Adult Types),ICU,100%,8:11
52015,FLJAC St Johns County Hospital,ASV St. Johns County,Diagnostic Radiology 001,8,21,Radiology/ Imaging,RADI,100%,21:8
52015,FLJAC St Johns County Hospital,ASV St. Johns County,Emergency Department 001,23,6,ED/Short Stay,EDPT,87%,6:20 34:2 1:1
52015,FLJAC St Johns County Hospital,ASV St. Johns County,Endoscopy GI 001,6,17,"Endoscopy, Colonoscopy",,50%,17:3 7:2 4:1
52015,FLJAC St Johns County Hospital,ASV St. Johns County,Invasive Cardiology Anc 001,6,34,Other,,67%,34:4 21:2
52015,FLJAC St Johns County Hospital,ASV St. Johns County,Magnetic Resonance Imaging 001,1,21,Radiology/ Imaging,RADI,100%,21:1
52015,FLJAC St Johns County Hospital,ASV St. Johns County,Materials Management 001,2,18,"Pre Op, Operating Room/Suite, PACU/Post Op, Peri Op",,50%,18:1 34:1
52015,FLJAC St Johns County Hospital,ASV St. Johns County,Nuclear Medicine 001,2,1,"Many Different Hospital Units, No Specific Unit",,50%,1:1 21:1
52015,FLJAC St Johns County Hospital,ASV St. Johns County,Nursing Administration 001,5,24,Admin/Mgmt,ADMN,40%,24:2 1:2 34:1
52015,FLJAC St Johns County Hospital,ASV St. Johns County,Nursing Unit 001,26,2,"Med/Surg, Other Pt. Care Units",MSRG,73%,2:19 1:3 3:2 15:1 4:1
52015,FLJAC St Johns County Hospital,ASV St. Johns County,Nursing Unit 002,19,2,"Med/Surg, Other Pt. Care Units",MSRG,79%,2:15 15:2 4:1 3:1
52015,FLJAC St Johns County Hospital,ASV St. Johns County,Occupational Therapy 001,1,2,"Med/Surg, Other Pt. Care Units",MSRG,100%,2:1
52015,FLJAC St Johns County Hospital,ASV St. Johns County,Pastoral Spiritual Care 001,1,1,"Many Different Hospital Units, No Specific Unit",,100%,1:1
52015,FLJAC St Johns County Hospital,ASV St. Johns County,Patient Transportation 001,6,21,Radiology/ Imaging,RADI,67%,21:4 33:1 1:1
52015,FLJAC St Johns County Hospital,ASV St. Johns County,Physical Therapy 001,5,1,"Many Different Hospital Units, No Specific Unit",,60%,1:3 14:2
52015,FLJAC St Johns County Hospital,ASV St. Johns County,PreSurgery 001,4,18,"Pre Op, Operating Room/Suite, PACU/Post Op, Peri Op",,100%,18:4
52015,FLJAC St Johns County Hospital,ASV St. Johns County,Recovery Rm Amb 001,22,18,"Pre Op, Operating Room/Suite, PACU/Post Op, Peri Op",,95%,18:21 4:1
52015,FLJAC St Johns County Hospital,ASV St. Johns County,Respiratory Care 001,13,1,"Many Different Hospital Units, No Specific Unit",,62%,1:8 22:5
52015,FLJAC St Johns County Hospital,ASV St. Johns County,Security 001,3,1,"Many Different Hospital Units, No Specific Unit",,33%,1:1 32:1 18:1
52015,FLJAC St Johns County Hospital,ASV St. Johns County,Speech Therapy 001,2,1,"Many Different Hospital Units, No Specific Unit",,100%,1:2
52015,FLJAC St Johns County Hospital,ASV St. Johns County,Stepdown Intermediate Care 001,3,8,ICU(All Adult Types),ICU,67%,8:2 15:1
52015,FLJAC St Johns County Hospital,ASV St. Johns County,Sterile Processing 001,4,34,Other,,75%,34:3 2:1
52015,FLJAC St Johns County Hospital,ASV St. Johns County,Surgery 001,13,18,"Pre Op, Operating Room/Suite, PACU/Post Op, Peri Op",,62%,18:8 4:4 2:1
52015,FLJAC St Johns County Hospital,ASV St. Johns County,Surgical Services Admin 001,1,4,Surg Svcs,SVCS,100%,4:1
52015,FLJAC St Johns County Hospital,ASV St. Johns County,Ultrasound 001,3,21,Radiology/ Imaging,RADI,100%,21:3
52015,FLJAC St Johns County Hospital,ASV St. Johns County,Vascular Venous Access PICC,1,34,Other,,100%,34:1
52015,FLJAC St Johns County Hospital,ASV St. Johns County,Volunteer Services 001,1,34,Other,,100%,34:1
